INSERT INTO Departments (Name) VALUES
('Ressources Humaines'),
('Informatique'),
('Marketing'),
('Ventes');

INSERT INTO Position (Name, Authority, DepChef, Salary) VALUES
('Responsable RH', 2, NULL, 60000),
('Développeur Senior', 1, NULL, 55000),
('Chef de Projet', 3, NULL, 70000),
('Chargé de Marketing', 1, NULL, 45000),
('Représentant des Ventes', 1, NULL, 40000);

INSERT INTO Employee (Name, LastName, Address, Seniority, DepartmentID, PositionID) VALUES
('Alice', 'Dupont', '1 Rue de Paris, 75001 Paris', 5, 'Ressources Humaines', 2),
('Bob', 'Martin', '12 Avenue des Champs-Élysées, 75008 Paris', 3, 'Informatique', 1),
('Carla', 'Bernard', '5 Rue de Rivoli, 75001 Paris', 2, 'Marketing', 3),
('David', 'Leroy', '7 Rue de la Paix, 75002 Paris', 1, 'Ventes', 1),
('Emma', 'Leclerc', '10 Boulevard Saint-Germain, 75005 Paris', 4, 'Ressources Humaines', 2),
('Dupont', 'Jean', '10 Rue de Paris, Paris', 5, 'Informatique', 3),
('Martin', 'Sophie', '15 Avenue des Champs, Lyon', 3, 'Marketing', 1),
('Durand', 'Paul', '25 Boulevard Saint Germain, Marseille', 8, 'Ventes', 2),
('Leroy', 'Lucie', '30 Rue de la Republique, Lille', 10, 'Ressources Humaines', 1),
('Moreau', 'Marc', '1 Place de la Concorde, Nantes', 2, 'Informatique', 3),
('Simon', 'Claire', '20 Rue de la Liberte, Nice', 1, 'Marketing', 2),
('Benoit', 'Julien', '14 Avenue Victor Hugo, Bordeaux', 12, 'Ventes', 1),
('Gauthier', 'Alice', '5 Quai de la Loire, Strasbourg', 4, 'Ressources Humaines', 3),
('Garnier', 'Nicolas', '12 Rue des Fleurs, Toulouse', 6, 'Informatique', 1),
('Roux', 'Elodie', '22 Boulevard des Martyrs, Montpellier', 2, 'Marketing', 2),
('Noel', 'Thomas', '17 Rue du Loup, Grenoble', 3, 'Ventes', 3),
('Pires', 'Emilie', '8 Rue du Moulin, Rennes', 7, 'Ressources Humaines', 1),
('Chevalier', 'Francois', '14 Avenue de la Gare, Dijon', 5, 'Informatique', 2),
('Leblanc', 'Celine', '25 Rue de la Mer, Caen', 3, 'Marketing', 3),
('Marechal', 'Antoine', '5 Rue des Ecoles, Saint Etienne', 11, 'Ventes', 2),
('Boucher', 'Sabrina', '18 Rue de lHorloge, Amiens', 2, 'Ressources Humaines', 1),
('Barbier', 'Victor', '28 Rue des Grands Champs, Reims', 9, 'Informatique', 3),
('Langlois', 'Camille', '30 Rue des Erables, Toulon', 4, 'Marketing', 2),
('David', 'Laure', '15 Rue des Peupliers, Clermont Ferrand', 6, 'Ventes', 1),
('Martinez', 'Eric', '22 Boulevard de la Paix, Angers', 7, 'Ressources Humaines', 2),
('Bernard', 'Juliette', '21 Rue de lEcole, Paris', 4, 'Informatique', 3),
('Collet', 'Nicolas', '14 Avenue de la Liberté, Lyon', 3, 'Marketing', 1),
('Garnier', 'Fanny', '30 Boulevard des Arts, Marseille', 6, 'Ventes', 2),
('Peyton', 'Alex', '15 Rue de lInspiration, Lille', 9, 'Ressources Humaines', 3),
('Riviere', 'Thomas', '4 Place du Souvenir, Nantes', 1, 'Informatique', 2),
('Boucher', 'Marc', '22 Rue de la Paix, Nice', 2, 'Marketing', 1),
('Gaucher', 'Cecile', '17 Avenue des Champs, Bordeaux', 11, 'Ventes', 3),
('Nivet', 'Estelle', '11 Rue des Fleurs, Strasbourg', 5, 'Ressources Humaines', 2),
('Bourgeois', 'Simon', '30 Boulevard du Jardin, Toulouse', 7, 'Informatique', 1),
('Lemoine', 'Luc', '10 Rue des Lilas, Montpellier', 2, 'Marketing', 3),
('Leroux', 'Elise', '25 Rue de la Source, Grenoble', 3, 'Ventes', 2),
('Deschamps', 'Victor', '20 Rue des Vignes, Rennes', 8, 'Ressources Humaines', 1),
('Morin', 'Gabriel', '5 Rue de la Mer, Dijon', 5, 'Informatique', 3),
('Dufour', 'Chloe', '29 Boulevard de la Liberté, Caen', 6, 'Marketing', 2),
('Brun', 'Antoine', '14 Rue du Commerce, Saint Etienne', 2, 'Ventes', 1),
('Besson', 'Olivier', '17 Rue de la Montagne, Amiens', 7, 'Ressources Humaines', 3),
('Marchand', 'Sophie', '30 Rue des Chênes, Reims', 3, 'Informatique', 1),
('Jourdain', 'Nina', '15 Rue des Hirondelles, Toulon', 4, 'Marketing', 2),
('Pichon', 'Eric', '12 Rue des Cerisiers, Clermont Ferrand', 9, 'Ventes', 3),
('Gaillard', 'Alice', '20 Avenue du Lac, Angers', 6, 'Ressources Humaines', 1),
('Charpentier', 'Léo', '8 Rue de la Foret, Tours', 3, 'Informatique', 2),
('Fabre', 'Charlotte', '15 Rue des Capucins, Marseille', 5, 'Marketing', 1),
('Lacombe', 'Julien', '27 Rue de la Mer, Lyon', 6, 'Ventes', 3),
('Barre', 'Marie', '30 Boulevard du Parc, Lille', 7, 'Ressources Humaines', 2),
('Giraud', 'Hugo', '22 Rue des Forges, Nantes', 1, 'Informatique', 1),
('Vasseur', 'Ines', '18 Avenue de la Lumière, Nice', 4, 'Marketing', 3),
('Gillet', 'Arthur', '11 Rue de la Joie, Bordeaux', 12, 'Ventes', 2),
('Delaunay', 'Sonia', '5 Quai des Rêves, Strasbourg', 3, 'Ressources Humaines', 1),
('Legendre', 'Noah', '12 Rue des Rosiers, Toulouse', 5, 'Informatique', 2),
('Lefevre', 'Samantha', '25 Boulevard des Acacias, Montpellier', 2, 'Marketing', 3),
('Desrosiers', 'Raphael', '20 Rue de lAmitié, Grenoble', 3, 'Ventes', 1),
('Gaultier', 'Clara', '9 Rue du Bonheur, Rennes', 8, 'Ressources Humaines', 2),
('Allard', 'Julien', '17 Avenue des Cèdres, Dijon', 5, 'Informatique', 1),
('Vallet', 'Nadia', '30 Rue des Lilas, Caen', 3, 'Marketing', 3),
('Martel', 'Elisa', '15 Rue de la Nouvelle, Saint Etienne', 4, 'Ventes', 2),
('Renaud', 'Victor', '22 Rue des Cœurs, Amiens', 2, 'Ressources Humaines', 1),
('Bernard', 'Lucie', '1 Rue des Voyageurs, Reims', 7, 'Informatique', 3),
('Lamy', 'Antoine', '14 Rue de la Nature, Toulon', 6, 'Marketing', 2),
('Blanc', 'Adele', '29 Rue de la Roseraie, Clermont Ferrand', 4, 'Ventes', 1),
('Lopez', 'Elise', '5 Boulevard de lHorizon, Angers', 8, 'Ressources Humaines', 3),
('Dufresne', 'Gabriel', '14 Rue de la Plage, Marseille', 7, 'Informatique', 2),
('Caron', 'Chloe', '20 Boulevard de la Lune, Lyon', 5, 'Marketing', 1),
('Guillot', 'Lucas', '1 Rue de lEspace, Lille', 6, 'Ventes', 3),
('Pichon', 'Camille', '9 Rue de la Terre, Nantes', 3, 'Ressources Humaines', 2),
('Marchal', 'Anais', '15 Rue du Ciel, Nice', 2, 'Informatique', 1),
('Bourdon', 'Maxime', '30 Rue des Nuages, Bordeaux', 4, 'Marketing', 3),
('Pereira', 'Alice', '17 Rue de la Mer, Strasbourg', 8, 'Ventes', 2),
('Delaunay', 'Lena', '22 Rue de la Vallée, Toulouse', 3, 'Ressources Humaines', 1),
('Rousseau', 'Thibault', '5 Rue des Champs, Montpellier', 5, 'Informatique', 2),
('Marchand', 'Sophie', '18 Rue des Pins, Grenoble', 2, 'Marketing', 3),
('Leroy', 'Clement', '7 Rue de la Nature, Rennes', 4, 'Ventes', 1),
('Bourgeois', 'Juliette', '12 Rue des Fleurs, Dijon', 6, 'Ressources Humaines', 2),
('Gonzalez', 'Theo', '30 Boulevard des Étoiles, Caen', 5, 'Informatique', 1),
('Brunet', 'Lise', '11 Rue des Merveilles, Saint Etienne', 7, 'Marketing', 3),
('Chevalier', 'Hugo', '19 Rue des Rencontres, Amiens', 3, 'Ventes', 2);
