INSERT INTO Departments (DepartmentID,Name) VALUES
(1,'Ressources Humaines'),
(2,'Informatique'),
(3,'Marketing'),
(4,'Ventes');

INSERT INTO Position (PositionID, Name, Authority, DepChef, Salary) VALUES
(1,'Responsable RH', 2, NULL, 60000),
(2,'Développeur Senior', 1, NULL, 55000),
(3,'Chef de Projet', 3, NULL, 70000),
(4,'Chargé de Marketing', 1, NULL, 45000),
(5,'Représentant des Ventes', 1, NULL, 40000);

INSERT INTO Employee (EmployeeID, Name, LastName, Address, Seniority, DepartmentID, PositionID) VALUES
(1, 'Alice', 'Dupont', '1 Rue de Paris, 75001 Paris', 5, 2, 1),
(2, 'Bob', 'Martin', '12 Avenue des Champs-Élysées, 75008 Paris', 3, 1, 1),
(3, 'Carla', 'Bernard', '5 Rue de Rivoli, 75001 Paris', 2, 3, 1),
(4, 'David', 'Leroy', '7 Rue de la Paix, 75002 Paris', 1, 1, 1),
(5, 'Emma', 'Leclerc', '10 Boulevard Saint-Germain, 75005 Paris', 4, 2, 1),
(6, 'Jean', 'Dupont', '10 Rue de Paris, Paris', 5, 3, 1),
(7, 'Sophie', 'Martin', '15 Avenue des Champs, Lyon', 3, 1, 1),
(8, 'Paul', 'Durand', '25 Boulevard Saint Germain, Marseille', 8, 2, 1),
(9, 'Lucie', 'Leroy', '30 Rue de la Republique, Lille', 10, 1, 1),
(10, 'Marc', 'Moreau', '1 Place de la Concorde, Nantes', 2, 3, 1),
(11, 'Claire', 'Simon', '20 Rue de la Liberte, Nice', 1, 2, 1),
(12, 'Julien', 'Benoit', '14 Avenue Victor Hugo, Bordeaux', 12, 1, 1),
(13, 'Alice', 'Gauthier', '5 Quai de la Loire, Strasbourg', 4, 3, 1),
(14, 'Nicolas', 'Garnier', '12 Rue des Fleurs, Toulouse', 6, 1, 1),
(15, 'Elodie', 'Roux', '22 Boulevard des Martyrs, Montpellier', 2, 2, 1),
(16, 'Thomas', 'Noel', '17 Rue du Loup, Grenoble', 3, 3, 1),
(17, 'Emilie', 'Pires', '8 Rue du Moulin, Rennes', 7, 1, 1),
(18, 'Francois', 'Chevalier', '14 Avenue de la Gare, Dijon', 5, 2, 1),
(19, 'Celine', 'Leblanc', '25 Rue de la Mer, Caen', 3, 3, 1),
(20, 'Antoine', 'Marechal', '5 Rue des Ecoles, Saint Etienne', 11, 2, 1),
(21, 'Sabrina', 'Boucher', '18 Rue de lHorloge, Amiens', 2, 1, 1),
(22, 'Victor', 'Barbier', '28 Rue des Grands Champs, Reims', 9, 3, 1),
(23, 'Camille', 'Langlois', '30 Rue des Erables, Toulon', 4, 2, 1),
(24, 'Laure', 'David', '15 Rue des Peupliers, Clermont Ferrand', 6, 1, 1),
(25, 'Eric', 'Martinez', '22 Boulevard de la Paix, Angers', 7, 2, 1),
(26, 'Juliette', 'Bernard', '21 Rue de lEcole, Paris', 4, 3, 1),
(27, 'Nicolas', 'Collet', '14 Avenue de la Liberté, Lyon', 3, 1, 1),
(28, 'Fanny', 'Garnier', '30 Boulevard des Arts, Marseille', 6, 2, 1),
(29, 'Alex', 'Peyton', '15 Rue de lInspiration, Lille', 9, 3, 1),
(30, 'Thomas', 'Riviere', '4 Place du Souvenir, Nantes', 1, 2, 1),
(31, 'Marc', 'Boucher', '22 Rue de la Paix, Nice', 2, 1, 1),
(32, 'Cecile', 'Gaucher', '17 Avenue des Champs, Bordeaux', 11, 3, 1),
(33, 'Estelle', 'Nivet', '11 Rue des Fleurs, Strasbourg', 5, 2, 1),
(34, 'Simon', 'Bourgeois', '30 Boulevard du Jardin, Toulouse', 7, 1, 1),
(35, 'Luc', 'Lemoine', '10 Rue des Lilas, Montpellier', 2, 3, 1),
(36, 'Elise', 'Leroux', '25 Rue de la Source, Grenoble', 3, 2, 1),
(37, 'Victor', 'Deschamps', '20 Rue des Vignes, Rennes', 8, 1, 1),
(38, 'Gabriel', 'Morin', '5 Rue de la Mer, Dijon', 5, 3, 1),
(39, 'Chloe', 'Dufour', '29 Boulevard de la Liberté, Caen', 6, 2, 1),
(40, 'Antoine', 'Brun', '14 Rue du Commerce, Saint Etienne', 2, 1, 1),
(41, 'Olivier', 'Besson', '17 Rue de la Montagne, Amiens', 7, 1, 1),
(42, 'Sophie', 'Marchand', '30 Rue des Chênes, Reims', 3, 1, 1),
(43, 'Nina', 'Jourdain', '15 Rue des Hirondelles, Toulon', 4, 2, 1),
(44, 'Eric', 'Pichon', '12 Rue des Cerisiers, Clermont Ferrand', 9, 3, 1),
(45, 'Alice', 'Gaillard', '20 Avenue du Lac, Angers', 6, 1, 1),
(46, 'Léo', 'Charpentier', '8 Rue de la Foret, Tours', 3, 2, 1),
(47, 'Charlotte', 'Fabre', '15 Rue des Capucins, Marseille', 5, 1, 1),
(48, 'Julien', 'Lacombe', '27 Rue de la Mer, Lyon', 6, 3, 1),
(49, 'Marie', 'Barre', '30 Boulevard du Parc, Lille', 7, 2, 1),
(50, 'Hugo', 'Giraud', '22 Rue des Forges, Nantes', 1, 1, 1),
(51, 'Ines', 'Vasseur', '18 Avenue de la Lumière, Nice', 4, 3, 1),
(52, 'Arthur', 'Gillet', '11 Rue de la Joie, Bordeaux', 12, 2, 1),
(53, 'Sonia', 'Delaunay', '5 Quai des Rêves, Strasbourg', 3, 1, 1),
(54, 'Noah', 'Legendre', '12 Rue des Rosiers, Toulouse', 5, 2, 1),
(55, 'Samantha', 'Lefevre', '25 Boulevard des Acacias, Montpellier', 2, 3, 1),
(56, 'Raphael', 'Desrosiers', '20 Rue de lAmitié, Grenoble', 3, 1, 1),
(57, 'Clara', 'Gaultier', '9 Rue du Bonheur, Rennes', 8, 2, 1),
(58, 'Julien', 'Allard', '17 Avenue des Cèdres, Dijon', 5, 1, 1),
(59, 'Nadia', 'Vallet', '30 Rue des Lilas, Caen', 3, 3, 1),
(60, 'Elisa', 'Martel', '15 Rue de la Nouvelle, Saint Etienne', 4, 2, 1),
(61, 'Victor', 'Renaud', '22 Rue des Cœurs, Amiens', 2, 1, 1),
(62, 'Lucie', 'Bernard', '1 Rue des Voyageurs, Reims', 7, 3, 1),
(63, 'Antoine', 'Lamy', '14 Rue de la Nature, Toulon', 6, 2, 1),
(64, 'Adele', 'Blanc', '29 Rue de la Roseraie, Clermont Ferrand', 4, 1, 1),
(65, 'Elise', 'Lopez', '5 Boulevard de lHorizon, Angers', 8, 3, 1),
(66, 'Gabriel', 'Dufresne', '14 Rue de la Plage, Marseille', 7, 2, 1),
(67, 'Chloe', 'Caron', '20 Boulevard de la Lune, Lyon', 5, 1, 1),
(68, 'Lucas', 'Guillot', '1 Rue de lEspace, Lille', 6, 3, 1),
(69, 'Camille', 'Pichon', '9 Rue de la Terre, Nantes', 3, 2, 1),
(70, 'Anais', 'Marchal', '15 Rue du Ciel, Nice', 2, 1, 1),
(71, 'Maxime', 'Bourdon', '30 Rue des Nuages, Bordeaux', 4, 3, 1),
(72, 'Alice', 'Pereira', '17 Rue de la Mer, Strasbourg', 8, 2, 1),
(73, 'Lena', 'Delaunay', '22 Rue de la Vallée, Toulouse', 3, 1, 1),
(74, 'Thibault', 'Rousseau', '5 Rue des Champs, Montpellier', 5, 2, 1),
(75, 'Sophie', 'Marchand', '18 Rue des Pins, Grenoble', 2, 3, 1),
(76, 'Clement', 'Leroy', '7 Rue de la Nature, Rennes', 4, 1, 1),
(77, 'Juliette', 'Bourgeois', '12 Rue des Fleurs, Dijon', 6, 2, 1),
(78, 'Theo', 'Gonzalez', '30 Boulevard des Étoiles, Caen', 5, 1, 1),
(79, 'Lise', 'Brunet', '11 Rue des Merveilles, Saint Etienne', 7, 3, 1),
(80, 'Hugo', 'Chevalier', '19 Rue des Rencontres, Amiens', 3, 2, 1);
